[
  {
    "model": "subscription.duration",
    "pk": 1,
    "fields": {
      "name": "Monthly"
    }
  },
  {
    "model": "subscription.duration",
    "pk": 2,
    "fields": {
      "name": "Yearly"
    }
  },

  {
    "model": "subscription.price",
    "pk": 1,
    "fields": {
      "duration": 1,
      "amount": "29.00"
    }
  },
  {
    "model": "subscription.price",
    "pk": 2,
    "fields": {
      "duration": 2,
      "amount": "199.00"
    }
  },
  {
    "model": "subscription.price",
    "pk": 3,
    "fields": {
      "duration": 1,
      "amount": "99.00"
    }
  },
  {
    "model": "subscription.price",
    "pk": 4,
    "fields": {
      "duration": 2,
      "amount": "1299.00"
    }
  },
  {
    "model": "subscription.price",
    "pk": 5,
    "fields": {
      "duration": 1,
      "amount": "299.00"
    }
  },
  {
    "model": "subscription.price",
    "pk": 6,
    "fields": {
      "duration": 2,
      "amount": "3994.00"
    }
  },

  {
    "model": "subscription.paymentplan",
    "pk": 1,
    "fields": {
      "name": "Basic Plan",
      "price": 1,
      "description": "Perfect for small teams and startups",
      "popular": false
    }
  },
  {
    "model": "subscription.paymentplan",
    "pk": 2,
    "fields": {
      "name": "Premium Plan",
      "price": 3,
      "description": "Ideal for growing businesses",
      "popular": true
    }
  },
  {
    "model": "subscription.paymentplan",
    "pk": 3,
    "fields": {
      "name": "Enterprise Plan",
      "price": 5,
      "description": "For large-scale operations",
      "popular": false
    }
  },
  {
    "model": "subscription.paymentplan",
    "pk": 4,
    "fields": {
      "name": "Basic Plan",
      "price": 2,
      "description": "Perfect for small teams and startups",
      "popular": false
    }
  },

  {
    "model": "subscription.paymentplan",
    "pk": 5,
    "fields": {
      "name": "Premium Plan",
      "price": 4,
      "description": "Ideal for growing businesses",
      "popular": true
    }
  },

  {
    "model": "subscription.paymentplan",
    "pk": 6,
    "fields": {
      "name": "Enterprise Plan",
      "price": 6,
      "description": "For large-scale operations",
      "popular": false
    }
  },

  {
    "model": "subscription.feature",
    "pk": 1,
    "fields": {
      "name": "Device Monitoring"
    }
  },
  {
    "model": "subscription.feature",
    "pk": 2,
    "fields": {
      "name": "AI Insights"
    }
  },
  {
    "model": "subscription.feature",
    "pk": 3,
    "fields": {
      "name": "Team Members"
    }
  },
  {
    "model": "subscription.feature",
    "pk": 4,
    "fields": {
      "name": "Data Retention"
    }
  },
  {
    "model": "subscription.feature",
    "pk": 5,
    "fields": {
      "name": "Support"
    }
  },
  {
    "model": "subscription.feature",
    "pk": 6,
    "fields": {
      "name": "Alerts"
    }
  },

  {
    "model": "subscription.featurevalue",
    "pk": 1,
    "fields": {
      "feature": 1,
      "value": "Up to 5 device monitering"
    }
  },
  {
    "model": "subscription.featurevalue",
    "pk": 2,
    "fields": {
      "feature": 1,
      "value": "Up to 10 device monitering"
    }
  },
  {
    "model": "subscription.featurevalue",
    "pk": 3,
    "fields": {
      "feature": 1,
      "value": "Up to 15 device monitering"
    }
  },

  {
    "model": "subscription.featurevalue",
    "pk": 4,
    "fields": {
      "feature": 2,
      "value": "-"
    }
  },
  {
    "model": "subscription.featurevalue",
    "pk": 5,
    "fields": {
      "feature": 2,
      "value": "Basic AI Insights"
    }
  },
  {
    "model": "subscription.featurevalue",
    "pk": 6,
    "fields": {
      "feature": 2,
      "value": "Basic AI Insights and Suggestions"
    }
  },
  {
    "model": "subscription.featurevalue",
    "pk": 7,
    "fields": {
      "feature": 3,
      "value": "Up to 5 teams"
    }
  },

  {
    "model": "subscription.featurevalue",
    "pk": 8,
    "fields": {
      "feature": 3,
      "value": "Up to 10 teams"
    }
  },

  {
    "model": "subscription.featurevalue",
    "pk": 9,
    "fields": {
      "feature": 3,
      "value": "Up to 15 teams"
    }
  },
  {
    "model": "subscription.featurevalue",
    "pk": 10,
    "fields": {
      "feature": 4,
      "value": "12-hour data retention"
    }
  },
  {
    "model": "subscription.featurevalue",
    "pk": 11,
    "fields": {
      "feature": 4,
      "value": "30 day data retention"
    }
  },
  {
    "model": "subscription.featurevalue",
    "pk": 12,
    "fields": {
      "feature": 4,
      "value": "90 day data retention"
    }
  },
  {
    "model": "subscription.featurevalue",
    "pk": 13,
    "fields": {
      "feature": 5,
      "value": "Comminity support"
    }
  },
  {
    "model": "subscription.featurevalue",
    "pk": 14,
    "fields": {
      "feature": 5,
      "value": "Dedicated support manager"
    }
  },
  {
    "model": "subscription.featurevalue",
    "pk": 15,
    "fields": {
      "feature": 5,
      "value": "24/7 priority support"
    }
  },
  {
    "model": "subscription.featurevalue",
    "pk": 16,
    "fields": {
      "feature": 6,
      "value": "In App alerts"
    }
  },
  {
    "model": "subscription.featurevalue",
    "pk": 17,
    "fields": {
      "feature": 6,
      "value": "I app and email alerts"
    }
  },
  {
    "model": "subscription.featurevalue",
    "pk": 18,
    "fields": {
      "feature": 6,
      "value": "I app,email and Telegram alerts"
    }
  },

  {
    "model": "subscription.paymentplanfeature",
    "pk": 1,
    "fields": {
      "payment_plan": 1,
      "feature": 1,
      "feature_value": 1
    }
  },
  {
    "model": "subscription.paymentplanfeature",
    "pk": 2,
    "fields": {
      "payment_plan": 2,
      "feature": 1,
      "feature_value": 1
    }
  },
  {
    "model": "subscription.paymentplanfeature",
    "pk": 1,
    "fields": {
      "payment_plan": 3,
      "feature": 1,
      "feature_value": 2
    }
  },
  {
    "model": "subscription.paymentplanfeature",
    "pk": 2,
    "fields": {
      "payment_plan": 4,
      "feature": 1,
      "feature_value": 2
    }
  },
  {
    "model": "subscription.paymentplanfeature",
    "pk": 1,
    "fields": {
      "payment_plan": 5,
      "feature": 1,
      "feature_value": 3
    }
  },
  {
    "model": "subscription.paymentplanfeature",
    "pk": 2,
    "fields": {
      "payment_plan": 6,
      "feature": 1,
      "feature_value": 3
    }
  },

  {
    "model": "subscription.paymentplanfeature",
    "pk": 1,
    "fields": {
      "payment_plan": 1,
      "feature": 2,
      "feature_value": 4
    }
  },
  {
    "model": "subscription.paymentplanfeature",
    "pk": 2,
    "fields": {
      "payment_plan": 2,
      "feature": 2,
      "feature_value": 4
    }
  },
  {
    "model": "subscription.paymentplanfeature",
    "pk": 1,
    "fields": {
      "payment_plan": 3,
      "feature": 2,
      "feature_value": 5
    }
  },
  {
    "model": "subscription.paymentplanfeature",
    "pk": 2,
    "fields": {
      "payment_plan": 4,
      "feature": 2,
      "feature_value": 5
    }
  },
  {
    "model": "subscription.paymentplanfeature",
    "pk": 1,
    "fields": {
      "payment_plan": 5,
      "feature": 2,
      "feature_value": 6
    }
  },
  {
    "model": "subscription.paymentplanfeature",
    "pk": 2,
    "fields": {
      "payment_plan": 6,
      "feature": 2,
      "feature_value": 6
    }
  },

  {
    "model": "subscription.paymentplanfeature",
    "pk": 1,
    "fields": {
      "payment_plan": 1,
      "feature": 3,
      "feature_value": 7
    }
  },
  {
    "model": "subscription.paymentplanfeature",
    "pk": 2,
    "fields": {
      "payment_plan": 2,
      "feature": 3,
      "feature_value": 7
    }
  },
  {
    "model": "subscription.paymentplanfeature",
    "pk": 1,
    "fields": {
      "payment_plan": 3,
      "feature": 3,
      "feature_value": 8
    }
  },
  {
    "model": "subscription.paymentplanfeature",
    "pk": 2,
    "fields": {
      "payment_plan": 4,
      "feature": 3,
      "feature_value": 8
    }
  },
  {
    "model": "subscription.paymentplanfeature",
    "pk": 1,
    "fields": {
      "payment_plan": 5,
      "feature": 3,
      "feature_value": 9
    }
  },
  {
    "model": "subscription.paymentplanfeature",
    "pk": 2,
    "fields": {
      "payment_plan": 6,
      "feature": 3,
      "feature_value": 9
    }
  },

  {
    "model": "subscription.paymentplanfeature",
    "pk": 1,
    "fields": {
      "payment_plan": 1,
      "feature": 4,
      "feature_value": 10
    }
  },
  {
    "model": "subscription.paymentplanfeature",
    "pk": 2,
    "fields": {
      "payment_plan": 2,
      "feature": 4,
      "feature_value": 10
    }
  },
  {
    "model": "subscription.paymentplanfeature",
    "pk": 1,
    "fields": {
      "payment_plan": 3,
      "feature": 4,
      "feature_value": 11
    }
  },
  {
    "model": "subscription.paymentplanfeature",
    "pk": 2,
    "fields": {
      "payment_plan": 4,
      "feature": 4,
      "feature_value": 11
    }
  },
  {
    "model": "subscription.paymentplanfeature",
    "pk": 1,
    "fields": {
      "payment_plan": 5,
      "feature": 4,
      "feature_value": 12
    }
  },
  {
    "model": "subscription.paymentplanfeature",
    "pk": 2,
    "fields": {
      "payment_plan": 6,
      "feature": 4,
      "feature_value": 12
    }
  },

  {
    "model": "subscription.paymentplanfeature",
    "pk": 1,
    "fields": {
      "payment_plan": 1,
      "feature": 5,
      "feature_value": 13
    }
  },
  {
    "model": "subscription.paymentplanfeature",
    "pk": 2,
    "fields": {
      "payment_plan": 2,
      "feature": 5,
      "feature_value": 13
    }
  },
  {
    "model": "subscription.paymentplanfeature",
    "pk": 1,
    "fields": {
      "payment_plan": 3,
      "feature": 5,
      "feature_value": 14
    }
  },
  {
    "model": "subscription.paymentplanfeature",
    "pk": 2,
    "fields": {
      "payment_plan": 4,
      "feature": 5,
      "feature_value": 14
    }
  },
  {
    "model": "subscription.paymentplanfeature",
    "pk": 1,
    "fields": {
      "payment_plan": 5,
      "feature": 5,
      "feature_value": 15
    }
  },
  {
    "model": "subscription.paymentplanfeature",
    "pk": 2,
    "fields": {
      "payment_plan": 6,
      "feature": 5,
      "feature_value": 15
    }
  },

  {
    "model": "subscription.paymentplanfeature",
    "pk": 1,
    "fields": {
      "payment_plan": 1,
      "feature": 6,
      "feature_value": 16
    }
  },
  {
    "model": "subscription.paymentplanfeature",
    "pk": 2,
    "fields": {
      "payment_plan": 2,
      "feature": 6,
      "feature_value": 16
    }
  },
  {
    "model": "subscription.paymentplanfeature",
    "pk": 1,
    "fields": {
      "payment_plan": 3,
      "feature": 6,
      "feature_value": 17
    }
  },
  {
    "model": "subscription.paymentplanfeature",
    "pk": 2,
    "fields": {
      "payment_plan": 4,
      "feature": 6,
      "feature_value": 17
    }
  },
  {
    "model": "subscription.paymentplanfeature",
    "pk": 1,
    "fields": {
      "payment_plan": 5,
      "feature": 6,
      "feature_value": 18
    }
  },
  {
    "model": "subscription.paymentplanfeature",
    "pk": 2,
    "fields": {
      "payment_plan": 6,
      "feature": 6,
      "feature_value": 18
    }
  }
]
