[{"model": "subscription.paymentprovider", "pk": 1, "fields": {"name": "telebirr"}}, {"model": "subscription.paymentprovider", "pk": 2, "fields": {"name": "chapa"}}, {"model": "subscription.duration", "pk": 1, "fields": {"name": "monthly"}}, {"model": "subscription.duration", "pk": 2, "fields": {"name": "yearly"}}, {"model": "subscription.duration", "pk": 3, "fields": {"name": "quarterly"}}, {"model": "subscription.paymentplan", "pk": 1, "fields": {"name": "Basic Plan", "starting_price": "99.00", "popular": false, "description": "Perfect for small teams and startups"}}, {"model": "subscription.paymentplan", "pk": 2, "fields": {"name": "Premium Plan", "starting_price": "199.00", "popular": true, "description": "Ideal for growing businesses"}}, {"model": "subscription.paymentplan", "pk": 3, "fields": {"name": "Enterprise Plan", "starting_price": "399.00", "popular": false, "description": "For large-scale operations"}}, {"model": "subscription.paymentplan", "pk": 4, "fields": {"name": "Individual plan", "starting_price": "88.00", "popular": false, "description": "Designed for freelancers and independent professionals"}}, {"model": "subscription.paymentplanduration", "pk": 2, "fields": {"payment_plan": 1, "duration": 3, "deduction_percentage": "20.00"}}, {"model": "subscription.paymentplanduration", "pk": 3, "fields": {"payment_plan": 1, "duration": 2, "deduction_percentage": "25.00"}}, {"model": "subscription.paymentplanduration", "pk": 5, "fields": {"payment_plan": 3, "duration": 3, "deduction_percentage": "20.00"}}, {"model": "subscription.paymentplanduration", "pk": 6, "fields": {"payment_plan": 3, "duration": 2, "deduction_percentage": "25.00"}}, {"model": "subscription.paymentplanduration", "pk": 8, "fields": {"payment_plan": 2, "duration": 3, "deduction_percentage": "20.00"}}, {"model": "subscription.paymentplanduration", "pk": 9, "fields": {"payment_plan": 2, "duration": 2, "deduction_percentage": "25.00"}}, {"model": "subscription.paymentplanduration", "pk": 12, "fields": {"payment_plan": 4, "duration": 3, "deduction_percentage": "25.00"}}, {"model": "subscription.paymentplanduration", "pk": 13, "fields": {"payment_plan": 4, "duration": 2, "deduction_percentage": "30.00"}}, {"model": "subscription.feature", "pk": 1, "fields": {"name": "Device Monitoring"}}, {"model": "subscription.feature", "pk": 2, "fields": {"name": "AI Insights"}}, {"model": "subscription.feature", "pk": 3, "fields": {"name": "Team Members"}}, {"model": "subscription.feature", "pk": 4, "fields": {"name": "Data Retention"}}, {"model": "subscription.feature", "pk": 5, "fields": {"name": "Support"}}, {"model": "subscription.feature", "pk": 6, "fields": {"name": "Alerts"}}, {"model": "subscription.featurevalue", "pk": 1, "fields": {"feature": 1, "value": "Up to 5 device monitering"}}, {"model": "subscription.featurevalue", "pk": 2, "fields": {"feature": 1, "value": "Up to 10 device monitering"}}, {"model": "subscription.featurevalue", "pk": 3, "fields": {"feature": 1, "value": "Up to 15 device monitering"}}, {"model": "subscription.featurevalue", "pk": 4, "fields": {"feature": 2, "value": "-"}}, {"model": "subscription.featurevalue", "pk": 5, "fields": {"feature": 2, "value": "Basic AI Insights"}}, {"model": "subscription.featurevalue", "pk": 6, "fields": {"feature": 2, "value": "Basic AI Insights and Suggestions"}}, {"model": "subscription.featurevalue", "pk": 7, "fields": {"feature": 3, "value": "Up to 5 teams"}}, {"model": "subscription.featurevalue", "pk": 8, "fields": {"feature": 3, "value": "Up to 10 teams"}}, {"model": "subscription.featurevalue", "pk": 9, "fields": {"feature": 3, "value": "Up to 15 teams"}}, {"model": "subscription.featurevalue", "pk": 10, "fields": {"feature": 4, "value": "12-hour data retention"}}, {"model": "subscription.featurevalue", "pk": 11, "fields": {"feature": 4, "value": "30 day data retention"}}, {"model": "subscription.featurevalue", "pk": 12, "fields": {"feature": 4, "value": "90 day data retention"}}, {"model": "subscription.featurevalue", "pk": 13, "fields": {"feature": 5, "value": "Comminity support"}}, {"model": "subscription.featurevalue", "pk": 14, "fields": {"feature": 5, "value": "Dedicated support manager"}}, {"model": "subscription.featurevalue", "pk": 15, "fields": {"feature": 5, "value": "24/7 priority support"}}, {"model": "subscription.featurevalue", "pk": 16, "fields": {"feature": 6, "value": "In App alerts"}}, {"model": "subscription.featurevalue", "pk": 17, "fields": {"feature": 6, "value": "I app and email alerts"}}, {"model": "subscription.featurevalue", "pk": 18, "fields": {"feature": 6, "value": "I app,email and Telegram alerts"}}, {"model": "subscription.featurevalue", "pk": 19, "fields": {"feature": 3, "value": "personal account only"}}, {"model": "subscription.paymentplanfeature", "pk": 1, "fields": {"payment_plan": 1, "feature_value": 4}}, {"model": "subscription.paymentplanfeature", "pk": 2, "fields": {"payment_plan": 1, "feature_value": 16}}, {"model": "subscription.paymentplanfeature", "pk": 3, "fields": {"payment_plan": 1, "feature_value": 10}}, {"model": "subscription.paymentplanfeature", "pk": 4, "fields": {"payment_plan": 1, "feature_value": 1}}, {"model": "subscription.paymentplanfeature", "pk": 5, "fields": {"payment_plan": 1, "feature_value": 13}}, {"model": "subscription.paymentplanfeature", "pk": 6, "fields": {"payment_plan": 1, "feature_value": 7}}, {"model": "subscription.paymentplanfeature", "pk": 7, "fields": {"payment_plan": 3, "feature_value": 6}}, {"model": "subscription.paymentplanfeature", "pk": 8, "fields": {"payment_plan": 3, "feature_value": 18}}, {"model": "subscription.paymentplanfeature", "pk": 9, "fields": {"payment_plan": 3, "feature_value": 12}}, {"model": "subscription.paymentplanfeature", "pk": 10, "fields": {"payment_plan": 3, "feature_value": 3}}, {"model": "subscription.paymentplanfeature", "pk": 11, "fields": {"payment_plan": 3, "feature_value": 14}}, {"model": "subscription.paymentplanfeature", "pk": 12, "fields": {"payment_plan": 3, "feature_value": 9}}, {"model": "subscription.paymentplanfeature", "pk": 13, "fields": {"payment_plan": 2, "feature_value": 5}}, {"model": "subscription.paymentplanfeature", "pk": 14, "fields": {"payment_plan": 2, "feature_value": 17}}, {"model": "subscription.paymentplanfeature", "pk": 15, "fields": {"payment_plan": 2, "feature_value": 11}}, {"model": "subscription.paymentplanfeature", "pk": 16, "fields": {"payment_plan": 2, "feature_value": 2}}, {"model": "subscription.paymentplanfeature", "pk": 17, "fields": {"payment_plan": 2, "feature_value": 15}}, {"model": "subscription.paymentplanfeature", "pk": 18, "fields": {"payment_plan": 2, "feature_value": 8}}, {"model": "subscription.paymentplanfeature", "pk": 19, "fields": {"payment_plan": 4, "feature_value": 19}}, {"model": "subscription.paymentplanfeature", "pk": 20, "fields": {"payment_plan": 4, "feature_value": 5}}, {"model": "subscription.paymentplanfeature", "pk": 21, "fields": {"payment_plan": 4, "feature_value": 11}}, {"model": "subscription.paymentplanfeature", "pk": 22, "fields": {"payment_plan": 4, "feature_value": 15}}, {"model": "subscription.paymentplanfeature", "pk": 23, "fields": {"payment_plan": 4, "feature_value": 18}}, {"model": "subscription.paymentplanfeature", "pk": 24, "fields": {"payment_plan": 4, "feature_value": 2}}]